SeriesInstanceUID,x,y,z
1.2.392.200036.9116.2.6.1.37.2420784027.1514971158.94997,-74.9137,36.9701,1817.9644
1.2.392.200036.9116.2.6.1.37.2420784027.1514971158.94997,-73.4457,42.2844,1919.7546
